Tile Identifier,Acquisition Date,Tile Grid Region,Tile Grid Horizontal,Tile Grid Vertical,Tile Production Date,Cloud Cover,Cloud Shadow,Snow Ice,Fill (No Data),Spacecraft Identifier,Sensor Identifier,Scene Count,Datum,Map Projection,ARD Version,Units,Collection Number,UL Corner Lat DMS,UL Corner Long DMS,UR Corner Lat DMS,UR Corner Long DMS,LR Corner Lat DMS,LR Corner Long DMS,LL Corner Lat DMS,LL Corner Long DMS,UL Corner Lat,UL Corner Long,UR Corner Lat,UR Corner Long,LR Corner Lat,LR Corner Long,LL Corner Lat,LL Corner Long,Display ID,Entity ID
LE07_CU_003012_20200101_20210504_02,2020/01/01,CU,3,12,2021/05/04,17.0131,6.3305,1.8906,19.8487,LANDSAT_7,ETM,2,WGS84,AEA,02,METERS,02,34°39'19.98"N,119°24'33.05"W,34°39'19.98"N,117°26'24.36"W,33°02'11.47"N,117°26'24.36"W,33°02'11.47"N,119°24'33.05"W,34.65555,-119.40918,34.65555,-117.44010,33.03652,-117.44010,33.03652,-119.40918,LE07_CU_003012_20200101_20210504_02,LE07_CU_003012_20200101_20210504_02
LC08_CU_003012_20200102_20210504_02,2020/01/02,CU,3,12,2021/05/04,2.5039,1.7412,0.9304,77.8788,LANDSAT_8,OLI_TIRS,2,WGS84,AEA,02,METERS,02,34°39'19.98"N,119°24'33.05"W,34°39'19.98"N,117°26'24.36"W,33°02'11.47"N,117°26'24.36"W,33°02'11.47"N,119°24'33.05"W,34.65555,-119.40918,34.65555,-117.44010,33.03652,-117.44010,33.03652,-119.40918,LC08_CU_003012_20200102_20210504_02,LC08_CU_003012_20200102_20210504_02
LE07_CU_003012_20200108_20210504_02,2020/01/08,CU,3,12,2021/05/04,0.2561,0.1796,0.0016,93.4172,LANDSAT_7,ETM,2,WGS84,AEA,02,METERS,02,34°39'19.98"N,119°24'33.05"W,34°39'19.98"N,117°26'24.36"W,33°02'11.47"N,117°26'24.36"W,33°02'11.47"N,119°24'33.05"W,34.65555,-119.40918,34.65555,-117.44010,33.03652,-117.44010,33.03652,-119.40918,LE07_CU_003012_20200108_20210504_02,LE07_CU_003012_20200108_20210504_02
LC08_CU_003012_20200109_20210504_02,2020/01/09,CU,3,12,2021/05/04,17.404,10.9337,0.1042,1.517,LANDSAT_8,OLI_TIRS,2,WGS84,AEA,02,METERS,02,34°39'19.98"N,119°24'33.05"W,34°39'19.98"N,117°26'24.36"W,33°02'11.47"N,117°26'24.36"W,33°02'11.47"N,119°24'33.05"W,34.65555,-119.40918,34.65555,-117.44010,33.03652,-117.44010,33.03652,-119.40918,LC08_CU_003012_20200109_20210504_02,LC08_CU_003012_20200109_20210504_02
LE07_CU_003012_20200110_20210504_02,2020/01/10,CU,3,12,2021/05/04,1.1416,1.2536,0.7102,80.1902,LANDSAT_7,ETM,2,WGS84,AEA,02,METERS,02,34°39'19.98"N,119°24'33.05"W,34°39'19.98"N,117°26'24.36"W,33°02'11.47"N,117°26'24.36"W,33°02'11.47"N,119°24'33.05"W,34.65555,-119.40918,34.65555,-117.44010,33.03652,-117.44010,33.03652,-119.40918,LE07_CU_003012_20200110_20210504_02,LE07_CU_003012_20200110_20210504_02
LC08_CU_003012_20200116_20210504_02,2020/01/16,CU,3,12,2021/05/04,55.7988,21.8945,0.0715,88.0523,LANDSAT_8,OLI_TIRS,2,WGS84,AEA,02,METERS,02,34°39'19.98"N,119°24'33.05"W,34°39'19.98"N,117°26'24.36"W,33°02'11.47"N,117°26'24.36"W,33°02'11.47"N,119°24'33.05"W,34.65555,-119.40918,34.65555,-117.44010,33.03652,-117.44010,33.03652,-119.40918,LC08_CU_003012_20200116_20210504_02,LC08_CU_003012_20200116_20210504_02
LE07_CU_003012_20200117_20210504_02,2020/01/17,CU,3,12,2021/05/04,23.7555,6.7882,0.4842,19.8677,LANDSAT_7,ETM,2,WGS84,AEA,02,METERS,02,34°39'19.98"N,119°24'33.05"W,34°39'19.98"N,117°26'24.36"W,33°02'11.47"N,117°26'24.36"W,33°02'11.47"N,119°24'33.05"W,34.65555,-119.40918,34.65555,-117.44010,33.03652,-117.44010,33.03652,-119.40918,LE07_CU_003012_20200117_20210504_02,LE07_CU_003012_20200117_20210504_02
LC08_CU_003012_20200118_20210504_02,2020/01/18,CU,3,12,2021/05/04,0.3448,0.7355,0.46,77.7198,LANDSAT_8,OLI_TIRS,2,WGS84,AEA,02,METERS,02,34°39'19.98"N,119°24'33.05"W,34°39'19.98"N,117°26'24.36"W,33°02'11.47"N,117°26'24.36"W,33°02'11.47"N,119°24'33.05"W,34.65555,-119.40918,34.65555,-117.44010,33.03652,-117.44010,33.03652,-119.40918,LC08_CU_003012_20200118_20210504_02,LC08_CU_003012_20200118_20210504_02
LE07_CU_003012_20200124_20210504_02,2020/01/24,CU,3,12,2021/05/04,3.9619,1.6852,0.0641,93.6748,LANDSAT_7,ETM,2,WGS84,AEA,02,METERS,02,34°39'19.98"N,119°24'33.05"W,34°39'19.98"N,117°26'24.36"W,33°02'11.47"N,117°26'24.36"W,33°02'11.47"N,119°24'33.05"W,34.65555,-119.40918,34.65555,-117.44010,33.03652,-117.44010,33.03652,-119.40918,LE07_CU_003012_20200124_20210504_02,LE07_CU_003012_20200124_20210504_02
LC08_CU_003012_20200125_20210504_02,2020/01/25,CU,3,12,2021/05/04,42.7773,6.7792,0.0727,1.613,LANDSAT_8,OLI_TIRS,2,WGS84,AEA,02,METERS,02,34°39'19.98"N,119°24'33.05"W,34°39'19.98"N,117°26'24.36"W,33°02'11.47"N,117°26'24.36"W,33°02'11.47"N,119°24'33.05"W,34.65555,-119.40918,34.65555,-117.44010,33.03652,-117.44010,33.03652,-119.40918,LC08_CU_003012_20200125_20210504_02,LC08_CU_003012_20200125_20210504_02
LE07_CU_003012_20200126_20210504_02,2020/01/26,CU,3,12,2021/05/04,96.159,2.9049,0.3809,79.7473,LANDSAT_7,ETM,2,WGS84,AEA,02,METERS,02,34°39'19.98"N,119°24'33.05"W,34°39'19.98"N,117°26'24.36"W,33°02'11.47"N,117°26'24.36"W,33°02'11.47"N,119°24'33.05"W,34.65555,-119.40918,34.65555,-117.44010,33.03652,-117.44010,33.03652,-119.40918,LE07_CU_003012_20200126_20210504_02,LE07_CU_003012_20200126_20210504_02
LC08_CU_003012_20200201_20210504_02,2020/02/01,CU,3,12,2021/05/04,0.0047,0,0,88.183,LANDSAT_8,OLI_TIRS,2,WGS84,AEA,02,METERS,02,34°39'19.98"N,119°24'33.05"W,34°39'19.98"N,117°26'24.36"W,33°02'11.47"N,117°26'24.36"W,33°02'11.47"N,119°24'33.05"W,34.65555,-119.40918,34.65555,-117.44010,33.03652,-117.44010,33.03652,-119.40918,LC08_CU_003012_20200201_20210504_02,LC08_CU_003012_20200201_20210504_02
LE07_CU_003012_20200202_20210504_02,2020/02/02,CU,3,12,2021/05/04,29.7352,3.63,0.041,20.0097,LANDSAT_7,ETM,2,WGS84,AEA,02,METERS,02,34°39'19.98"N,119°24'33.05"W,34°39'19.98"N,117°26'24.36"W,33°02'11.47"N,117°26'24.36"W,33°02'11.47"N,119°24'33.05"W,34.65555,-119.40918,34.65555,-117.44010,33.03652,-117.44010,33.03652,-119.40918,LE07_CU_003012_20200202_20210504_02,LE07_CU_003012_20200202_20210504_02
LC08_CU_003012_20200203_20210504_02,2020/02/03,CU,3,12,2021/05/04,16.0717,7.5746,0.0185,77.5872,LANDSAT_8,OLI_TIRS,2,WGS84,AEA,02,METERS,02,34°39'19.98"N,119°24'33.05"W,34°39'19.98"N,117°26'24.36"W,33°02'11.47"N,117°26'24.36"W,33°02'11.47"N,119°24'33.05"W,34.65555,-119.40918,34.65555,-117.44010,33.03652,-117.44010,33.03652,-119.40918,LC08_CU_003012_20200203_20210504_02,LC08_CU_003012_20200203_20210504_02
LE07_CU_003012_20200209_20210504_02,2020/02/09,CU,3,12,2021/05/04,50.1925,16.4939,0.1461,93.8743,LANDSAT_7,ETM,2,WGS84,AEA,02,METERS,02,34°39'19.98"N,119°24'33.05"W,34°39'19.98"N,117°26'24.36"W,33°02'11.47"N,117°26'24.36"W,33°02'11.47"N,119°24'33.05"W,34.65555,-119.40918,34.65555,-117.44010,33.03652,-117.44010,33.03652,-119.40918,LE07_CU_003012_20200209_20210504_02,LE07_CU_003012_20200209_20210504_02
LC08_CU_003012_20200210_20210504_02,2020/02/10,CU,3,12,2021/05/04,28.6134,10.7707,0.0164,1.5988,LANDSAT_8,OLI_TIRS,2,WGS84,AEA,02,METERS,02,34°39'19.98"N,119°24'33.05"W,34°39'19.98"N,117°26'24.36"W,33°02'11.47"N,117°26'24.36"W,33°02'11.47"N,119°24'33.05"W,34.65555,-119.40918,34.65555,-117.44010,33.03652,-117.44010,33.03652,-119.40918,LC08_CU_003012_20200210_20210504_02,LC08_CU_003012_20200210_20210504_02
LE07_CU_003012_20200211_20210504_02,2020/02/11,CU,3,12,2021/05/04,0.8624,0.9829,0.1477,79.4054,LANDSAT_7,ETM,2,WGS84,AEA,02,METERS,02,34°39'19.98"N,119°24'33.05"W,34°39'19.98"N,117°26'24.36"W,33°02'11.47"N,117°26'24.36"W,33°02'11.47"N,119°24'33.05"W,34.65555,-119.40918,34.65555,-117.44010,33.03652,-117.44010,33.03652,-119.40918,LE07_CU_003012_20200211_20210504_02,LE07_CU_003012_20200211_20210504_02
LC08_CU_003012_20200217_20210504_02,2020/02/17,CU,3,12,2021/05/04,0.9431,1.5457,0.0028,88.4043,LANDSAT_8,OLI_TIRS,2,WGS84,AEA,02,METERS,02,34°39'19.98"N,119°24'33.05"W,34°39'19.98"N,117°26'24.36"W,33°02'11.47"N,117°26'24.36"W,33°02'11.47"N,119°24'33.05"W,34.65555,-119.40918,34.65555,-117.44010,33.03652,-117.44010,33.03652,-119.40918,LC08_CU_003012_20200217_20210504_02,LC08_CU_003012_20200217_20210504_02
LE07_CU_003012_20200218_20210504_02,2020/02/18,CU,3,12,2021/05/04,36.8917,10.2206,0.1224,20.165,LANDSAT_7,ETM,2,WGS84,AEA,02,METERS,02,34°39'19.98"N,119°24'33.05"W,34°39'19.98"N,117°26'24.36"W,33°02'11.47"N,117°26'24.36"W,33°02'11.47"N,119°24'33.05"W,34.65555,-119.40918,34.65555,-117.44010,33.03652,-117.44010,33.03652,-119.40918,LE07_CU_003012_20200218_20210504_02,LE07_CU_003012_20200218_20210504_02
LC08_CU_003012_20200219_20210504_02,2020/02/19,CU,3,12,2021/05/04,14.2532,6.9062,0.0765,77.1443,LANDSAT_8,OLI_TIRS,2,WGS84,AEA,02,METERS,02,34°39'19.98"N,119°24'33.05"W,34°39'19.98"N,117°26'24.36"W,33°02'11.47"N,117°26'24.36"W,33°02'11.47"N,119°24'33.05"W,34.65555,-119.40918,34.65555,-117.44010,33.03652,-117.44010,33.03652,-119.40918,LC08_CU_003012_20200219_20210504_02,LC08_CU_003012_20200219_20210504_02
LE07_CU_003012_20200225_20210504_02,2020/02/25,CU,3,12,2021/05/04,0.0093,0.0013,0,94.0443,LANDSAT_7,ETM,2,WGS84,AEA,02,METERS,02,34°39'19.98"N,119°24'33.05"W,34°39'19.98"N,117°26'24.36"W,33°02'11.47"N,117°26'24.36"W,33°02'11.47"N,119°24'33.05"W,34.65555,-119.40918,34.65555,-117.44010,33.03652,-117.44010,33.03652,-119.40918,LE07_CU_003012_20200225_20210504_02,LE07_CU_003012_20200225_20210504_02
LC08_CU_003012_20200226_20210504_02,2020/02/26,CU,3,12,2021/05/04,0.0554,0.1701,0.0283,1.786,LANDSAT_8,OLI_TIRS,2,WGS84,AEA,02,METERS,02,34°39'19.98"N,119°24'33.05"W,34°39'19.98"N,117°26'24.36"W,33°02'11.47"N,117°26'24.36"W,33°02'11.47"N,119°24'33.05"W,34.65555,-119.40918,34.65555,-117.44010,33.03652,-117.44010,33.03652,-119.40918,LC08_CU_003012_20200226_20210504_02,LC08_CU_003012_20200226_20210504_02
LE07_CU_003012_20200227_20210504_02,2020/02/27,CU,3,12,2021/05/04,55.5767,2.6181,0.1064,79.1883,LANDSAT_7,ETM,2,WGS84,AEA,02,METERS,02,34°39'19.98"N,119°24'33.05"W,34°39'19.98"N,117°26'24.36"W,33°02'11.47"N,117°26'24.36"W,33°02'11.47"N,119°24'33.05"W,34.65555,-119.40918,34.65555,-117.44010,33.03652,-117.44010,33.03652,-119.40918,LE07_CU_003012_20200227_20210504_02,LE07_CU_003012_20200227_20210504_02
LC08_CU_003012_20200304_20210504_02,2020/03/04,CU,3,12,2021/05/04,23.6406,3.7942,0,88.7599,LANDSAT_8,OLI_TIRS,2,WGS84,AEA,02,METERS,02,34°39'19.98"N,119°24'33.05"W,34°39'19.98"N,117°26'24.36"W,33°02'11.47"N,117°26'24.36"W,33°02'11.47"N,119°24'33.05"W,34.65555,-119.40918,34.65555,-117.44010,33.03652,-117.44010,33.03652,-119.40918,LC08_CU_003012_20200304_20210504_02,LC08_CU_003012_20200304_20210504_02
LE07_CU_003012_20200305_20210504_02,2020/03/05,CU,3,12,2021/05/04,7.0295,4.0057,0.0203,20.2636,LANDSAT_7,ETM,2,WGS84,AEA,02,METERS,02,34°39'19.98"N,119°24'33.05"W,34°39'19.98"N,117°26'24.36"W,33°02'11.47"N,117°26'24.36"W,33°02'11.47"N,119°24'33.05"W,34.65555,-119.40918,34.65555,-117.44010,33.03652,-117.44010,33.03652,-119.40918,LE07_CU_003012_20200305_20210504_02,LE07_CU_003012_20200305_20210504_02
LC08_CU_003012_20200306_20210504_02,2020/03/06,CU,3,12,2021/05/04,34.3944,7.1721,0.0237,76.695,LANDSAT_8,OLI_TIRS,2,WGS84,AEA,02,METERS,02,34°39'19.98"N,119°24'33.05"W,34°39'19.98"N,117°26'24.36"W,33°02'11.47"N,117°26'24.36"W,33°02'11.47"N,119°24'33.05"W,34.65555,-119.40918,34.65555,-117.44010,33.03652,-117.44010,33.03652,-119.40918,LC08_CU_003012_20200306_20210504_02,LC08_CU_003012_20200306_20210504_02
LE07_CU_003012_20200312_20210504_02,2020/03/12,CU,3,12,2021/05/04,91.523,3.7835,0.0039,94.1706,LANDSAT_7,ETM,2,WGS84,AEA,02,METERS,02,34°39'19.98"N,119°24'33.05"W,34°39'19.98"N,117°26'24.36"W,33°02'11.47"N,117°26'24.36"W,33°02'11.47"N,119°24'33.05"W,34.65555,-119.40918,34.65555,-117.44010,33.03652,-117.44010,33.03652,-119.40918,LE07_CU_003012_20200312_20210504_02,LE07_CU_003012_20200312_20210504_02
LC08_CU_003012_20200313_20210504_02,2020/03/13,CU,3,12,2021/05/04,99.2423,0.6021,0.01,1.9547,LANDSAT_8,OLI_TIRS,2,WGS84,AEA,02,METERS,02,34°39'19.98"N,119°24'33.05"W,34°39'19.98"N,117°26'24.36"W,33°02'11.47"N,117°26'24.36"W,33°02'11.47"N,119°24'33.05"W,34.65555,-119.40918,34.65555,-117.44010,33.03652,-117.44010,33.03652,-119.40918,LC08_CU_003012_20200313_20210504_02,LC08_CU_003012_20200313_20210504_02
LE07_CU_003012_20200314_20210504_02,2020/03/14,CU,3,12,2021/05/04,93.275,2.4129,0.0733,79.0062,LANDSAT_7,ETM,2,WGS84,AEA,02,METERS,02,34°39'19.98"N,119°24'33.05"W,34°39'19.98"N,117°26'24.36"W,33°02'11.47"N,117°26'24.36"W,33°02'11.47"N,119°24'33.05"W,34.65555,-119.40918,34.65555,-117.44010,33.03652,-117.44010,33.03652,-119.40918,LE07_CU_003012_20200314_20210504_02,LE07_CU_003012_20200314_20210504_02
LC08_CU_003012_20200320_20210504_02,2020/03/20,CU,3,12,2021/05/04,99.9915,0.0085,0,89.0391,LANDSAT_8,OLI_TIRS,2,WGS84,AEA,02,METERS,02,34°39'19.98"N,119°24'33.05"W,34°39'19.98"N,117°26'24.36"W,33°02'11.47"N,117°26'24.36"W,33°02'11.47"N,119°24'33.05"W,34.65555,-119.40918,34.65555,-117.44010,33.03652,-117.44010,33.03652,-119.40918,LC08_CU_003012_20200320_20210504_02,LC08_CU_003012_20200320_20210504_02
LE07_CU_003012_20200321_20210504_02,2020/03/21,CU,3,12,2021/05/04,15.4711,8.2369,0.0348,20.3305,LANDSAT_7,ETM,2,WGS84,AEA,02,METERS,02,34°39'19.98"N,119°24'33.05"W,34°39'19.98"N,117°26'24.36"W,33°02'11.47"N,117°26'24.36"W,33°02'11.47"N,119°24'33.05"W,34.65555,-119.40918,34.65555,-117.44010,33.03652,-117.44010,33.03652,-119.40918,LE07_CU_003012_20200321_20210504_02,LE07_CU_003012_20200321_20210504_02
LC08_CU_003012_20200322_20210504_02,2020/03/22,CU,3,12,2021/05/04,8.9088,6.0473,0.1929,76.2907,LANDSAT_8,OLI_TIRS,2,WGS84,AEA,02,METERS,02,34°39'19.98"N,119°24'33.05"W,34°39'19.98"N,117°26'24.36"W,33°02'11.47"N,117°26'24.36"W,33°02'11.47"N,119°24'33.05"W,34.65555,-119.40918,34.65555,-117.44010,33.03652,-117.44010,33.03652,-119.40918,LC08_CU_003012_20200322_20210504_02,LC08_CU_003012_20200322_20210504_02
LE07_CU_003012_20200328_20210504_02,2020/03/28,CU,3,12,2021/05/04,8.8724,3.8946,0.0003,94.2298,LANDSAT_7,ETM,2,WGS84,AEA,02,METERS,02,34°39'19.98"N,119°24'33.05"W,34°39'19.98"N,117°26'24.36"W,33°02'11.47"N,117°26'24.36"W,33°02'11.47"N,119°24'33.05"W,34.65555,-119.40918,34.65555,-117.44010,33.03652,-117.44010,33.03652,-119.40918,LE07_CU_003012_20200328_20210504_02,LE07_CU_003012_20200328_20210504_02
LC08_CU_003012_20200329_20210504_02,2020/03/29,CU,3,12,2021/05/04,14.1222,9.8494,0.0001,1.9357,LANDSAT_8,OLI_TIRS,2,WGS84,AEA,02,METERS,02,34°39'19.98"N,119°24'33.05"W,34°39'19.98"N,117°26'24.36"W,33°02'11.47"N,117°26'24.36"W,33°02'11.47"N,119°24'33.05"W,34.65555,-119.40918,34.65555,-117.44010,33.03652,-117.44010,33.03652,-119.40918,LC08_CU_003012_20200329_20210504_02,LC08_CU_003012_20200329_20210504_02
LE07_CU_003012_20200330_20210504_02,2020/03/30,CU,3,12,2021/05/04,1.6275,1.5886,0.6041,78.8739,LANDSAT_7,ETM,2,WGS84,AEA,02,METERS,02,34°39'19.98"N,119°24'33.05"W,34°39'19.98"N,117°26'24.36"W,33°02'11.47"N,117°26'24.36"W,33°02'11.47"N,119°24'33.05"W,34.65555,-119.40918,34.65555,-117.44010,33.03652,-117.44010,33.03652,-119.40918,LE07_CU_003012_20200330_20210504_02,LE07_CU_003012_20200330_20210504_02
LC08_CU_003012_20200405_20210504_02,2020/04/05,CU,3,12,2021/05/04,72.8,6.5663,0.034,89.0836,LANDSAT_8,OLI_TIRS,2,WGS84,AEA,02,METERS,02,34°39'19.98"N,119°24'33.05"W,34°39'19.98"N,117°26'24.36"W,33°02'11.47"N,117°26'24.36"W,33°02'11.47"N,119°24'33.05"W,34.65555,-119.40918,34.65555,-117.44010,33.03652,-117.44010,33.03652,-119.40918,LC08_CU_003012_20200405_20210504_02,LC08_CU_003012_20200405_20210504_02
LC08_CU_003012_20200407_20210504_02,2020/04/07,CU,3,12,2021/05/04,99.656,0.3311,0.0097,76.0395,LANDSAT_8,OLI_TIRS,2,WGS84,AEA,02,METERS,02,34°39'19.98"N,119°24'33.05"W,34°39'19.98"N,117°26'24.36"W,33°02'11.47"N,117°26'24.36"W,33°02'11.47"N,119°24'33.05"W,34.65555,-119.40918,34.65555,-117.44010,33.03652,-117.44010,33.03652,-119.40918,LC08_CU_003012_20200407_20210504_02,LC08_CU_003012_20200407_20210504_02
LE07_CU_003012_20200413_20210504_02,2020/04/13,CU,3,12,2021/05/04,34.4589,2.3589,0.0001,94.2228,LANDSAT_7,ETM,2,WGS84,AEA,02,METERS,02,34°39'19.98"N,119°24'33.05"W,34°39'19.98"N,117°26'24.36"W,33°02'11.47"N,117°26'24.36"W,33°02'11.47"N,119°24'33.05"W,34.65555,-119.40918,34.65555,-117.44010,33.03652,-117.44010,33.03652,-119.40918,LE07_CU_003012_20200413_20210504_02,LE07_CU_003012_20200413_20210504_02
LC08_CU_003012_20200414_20210504_02,2020/04/14,CU,3,12,2021/05/04,3.9342,2.6908,0.2603,2.1702,LANDSAT_8,OLI_TIRS,2,WGS84,AEA,02,METERS,02,34°39'19.98"N,119°24'33.05"W,34°39'19.98"N,117°26'24.36"W,33°02'11.47"N,117°26'24.36"W,33°02'11.47"N,119°24'33.05"W,34.65555,-119.40918,34.65555,-117.44010,33.03652,-117.44010,33.03652,-119.40918,LC08_CU_003012_20200414_20210504_02,LC08_CU_003012_20200414_20210504_02
LE07_CU_003012_20200415_20210504_02,2020/04/15,CU,3,12,2021/05/04,0.5719,0.6072,0.7523,78.8804,LANDSAT_7,ETM,2,WGS84,AEA,02,METERS,02,34°39'19.98"N,119°24'33.05"W,34°39'19.98"N,117°26'24.36"W,33°02'11.47"N,117°26'24.36"W,33°02'11.47"N,119°24'33.05"W,34.65555,-119.40918,34.65555,-117.44010,33.03652,-117.44010,33.03652,-119.40918,LE07_CU_003012_20200415_20210504_02,LE07_CU_003012_20200415_20210504_02
LC08_CU_003012_20200421_20210504_02,2020/04/21,CU,3,12,2021/05/04,0.0141,0.0198,0,89.8583,LANDSAT_8,OLI_TIRS,2,WGS84,AEA,02,METERS,02,34°39'19.98"N,119°24'33.05"W,34°39'19.98"N,117°26'24.36"W,33°02'11.47"N,117°26'24.36"W,33°02'11.47"N,119°24'33.05"W,34.65555,-119.40918,34.65555,-117.44010,33.03652,-117.44010,33.03652,-119.40918,LC08_CU_003012_20200421_20210504_02,LC08_CU_003012_20200421_20210504_02
LE07_CU_003012_20200422_20210504_02,2020/04/22,CU,3,12,2021/05/04,0.137,0.2417,0.0701,20.3178,LANDSAT_7,ETM,2,WGS84,AEA,02,METERS,02,34°39'19.98"N,119°24'33.05"W,34°39'19.98"N,117°26'24.36"W,33°02'11.47"N,117°26'24.36"W,33°02'11.47"N,119°24'33.05"W,34.65555,-119.40918,34.65555,-117.44010,33.03652,-117.44010,33.03652,-119.40918,LE07_CU_003012_20200422_20210504_02,LE07_CU_003012_20200422_20210504_02
LC08_CU_003012_20200423_20210504_02,2020/04/23,CU,3,12,2021/05/04,2.3724,1.8813,0.0275,74.8821,LANDSAT_8,OLI_TIRS,2,WGS84,AEA,02,METERS,02,34°39'19.98"N,119°24'33.05"W,34°39'19.98"N,117°26'24.36"W,33°02'11.47"N,117°26'24.36"W,33°02'11.47"N,119°24'33.05"W,34.65555,-119.40918,34.65555,-117.44010,33.03652,-117.44010,33.03652,-119.40918,LC08_CU_003012_20200423_20210504_02,LC08_CU_003012_20200423_20210504_02
LE07_CU_003012_20200429_20210504_02,2020/04/29,CU,3,12,2021/05/04,76.9942,1.0515,0,94.1478,LANDSAT_7,ETM,2,WGS84,AEA,02,METERS,02,34°39'19.98"N,119°24'33.05"W,34°39'19.98"N,117°26'24.36"W,33°02'11.47"N,117°26'24.36"W,33°02'11.47"N,119°24'33.05"W,34.65555,-119.40918,34.65555,-117.44010,33.03652,-117.44010,33.03652,-119.40918,LE07_CU_003012_20200429_20210504_02,LE07_CU_003012_20200429_20210504_02
LC08_CU_003012_20200430_20210504_02,2020/04/30,CU,3,12,2021/05/04,59.2107,1.7279,0.0043,2.4436,LANDSAT_8,OLI_TIRS,2,WGS84,AEA,02,METERS,02,34°39'19.98"N,119°24'33.05"W,34°39'19.98"N,117°26'24.36"W,33°02'11.47"N,117°26'24.36"W,33°02'11.47"N,119°24'33.05"W,34.65555,-119.40918,34.65555,-117.44010,33.03652,-117.44010,33.03652,-119.40918,LC08_CU_003012_20200430_20210504_02,LC08_CU_003012_20200430_20210504_02
LE07_CU_003012_20200501_20210504_02,2020/05/01,CU,3,12,2021/05/04,22.1274,3.9618,0.0354,78.9763,LANDSAT_7,ETM,2,WGS84,AEA,02,METERS,02,34°39'19.98"N,119°24'33.05"W,34°39'19.98"N,117°26'24.36"W,33°02'11.47"N,117°26'24.36"W,33°02'11.47"N,119°24'33.05"W,34.65555,-119.40918,34.65555,-117.44010,33.03652,-117.44010,33.03652,-119.40918,LE07_CU_003012_20200501_20210504_02,LE07_CU_003012_20200501_20210504_02
LC08_CU_003012_20200507_20210504_02,2020/05/07,CU,3,12,2021/05/04,16.8694,2.8864,0.0001,90.4708,LANDSAT_8,OLI_TIRS,2,WGS84,AEA,02,METERS,02,34°39'19.98"N,119°24'33.05"W,34°39'19.98"N,117°26'24.36"W,33°02'11.47"N,117°26'24.36"W,33°02'11.47"N,119°24'33.05"W,34.65555,-119.40918,34.65555,-117.44010,33.03652,-117.44010,33.03652,-119.40918,LC08_CU_003012_20200507_20210504_02,LC08_CU_003012_20200507_20210504_02
LE07_CU_003012_20200508_20210504_02,2020/05/08,CU,3,12,2021/05/04,21.1863,4.3838,0.0043,20.1971,LANDSAT_7,ETM,2,WGS84,AEA,02,METERS,02,34°39'19.98"N,119°24'33.05"W,34°39'19.98"N,117°26'24.36"W,33°02'11.47"N,117°26'24.36"W,33°02'11.47"N,119°24'33.05"W,34.65555,-119.40918,34.65555,-117.44010,33.03652,-117.44010,33.03652,-119.40918,LE07_CU_003012_20200508_20210504_02,LE07_CU_003012_20200508_20210504_02
LC08_CU_003012_20200509_20210504_02,2020/05/09,CU,3,12,2021/05/04,35.1406,1.2828,0,76.6095,LANDSAT_8,OLI_TIRS,2,WGS84,AEA,02,METERS,02,34°39'19.98"N,119°24'33.05"W,34°39'19.98"N,117°26'24.36"W,33°02'11.47"N,117°26'24.36"W,33°02'11.47"N,119°24'33.05"W,34.65555,-119.40918,34.65555,-117.44010,33.03652,-117.44010,33.03652,-119.40918,LC08_CU_003012_20200509_20210504_02,LC08_CU_003012_20200509_20210504_02
LE07_CU_003012_20200515_20210504_02,2020/05/15,CU,3,12,2021/05/04,0.0163,0.0393,0,93.9346,LANDSAT_7,ETM,2,WGS84,AEA,02,METERS,02,34°39'19.98"N,119°24'33.05"W,34°39'19.98"N,117°26'24.36"W,33°02'11.47"N,117°26'24.36"W,33°02'11.47"N,119°24'33.05"W,34.65555,-119.40918,34.65555,-117.44010,33.03652,-117.44010,33.03652,-119.40918,LE07_CU_003012_20200515_20210504_02,LE07_CU_003012_20200515_20210504_02
LC08_CU_003012_20200516_20210504_02,2020/05/16,CU,3,12,2021/05/04,1.2621,1.3117,0,1.6882,LANDSAT_8,OLI_TIRS,2,WGS84,AEA,02,METERS,02,34°39'19.98"N,119°24'33.05"W,34°39'19.98"N,117°26'24.36"W,33°02'11.47"N,117°26'24.36"W,33°02'11.47"N,119°24'33.05"W,34.65555,-119.40918,34.65555,-117.44010,33.03652,-117.44010,33.03652,-119.40918,LC08_CU_003012_20200516_20210504_02,LC08_CU_003012_20200516_20210504_02
LE07_CU_003012_20200517_20210504_02,2020/05/17,CU,3,12,2021/05/04,32.4455,4.7186,0.0021,79.3313,LANDSAT_7,ETM,2,WGS84,AEA,02,METERS,02,34°39'19.98"N,119°24'33.05"W,34°39'19.98"N,117°26'24.36"W,33°02'11.47"N,117°26'24.36"W,33°02'11.47"N,119°24'33.05"W,34.65555,-119.40918,34.65555,-117.44010,33.03652,-117.44010,33.03652,-119.40918,LE07_CU_003012_20200517_20210504_02,LE07_CU_003012_20200517_20210504_02
LC08_CU_003012_20200523_20210504_02,2020/05/23,CU,3,12,2021/05/04,2.1687,3.5458,0,88.0573,LANDSAT_8,OLI_TIRS,2,WGS84,AEA,02,METERS,02,34°39'19.98"N,119°24'33.05"W,34°39'19.98"N,117°26'24.36"W,33°02'11.47"N,117°26'24.36"W,33°02'11.47"N,119°24'33.05"W,34.65555,-119.40918,34.65555,-117.44010,33.03652,-117.44010,33.03652,-119.40918,LC08_CU_003012_20200523_20210504_02,LC08_CU_003012_20200523_20210504_02
LE07_CU_003012_20200524_20210504_02,2020/05/24,CU,3,12,2021/05/04,19.6344,3.3649,0.0001,20.0337,LANDSAT_7,ETM,2,WGS84,AEA,02,METERS,02,34°39'19.98"N,119°24'33.05"W,34°39'19.98"N,117°26'24.36"W,33°02'11.47"N,117°26'24.36"W,33°02'11.47"N,119°24'33.05"W,34.65555,-119.40918,34.65555,-117.44010,33.03652,-117.44010,33.03652,-119.40918,LE07_CU_003012_20200524_20210504_02,LE07_CU_003012_20200524_20210504_02
LC08_CU_003012_20200525_20210504_02,2020/05/25,CU,3,12,2021/05/04,13.4914,3.1258,0,77.8197,LANDSAT_8,OLI_TIRS,2,WGS84,AEA,02,METERS,02,34°39'19.98"N,119°24'33.05"W,34°39'19.98"N,117°26'24.36"W,33°02'11.47"N,117°26'24.36"W,33°02'11.47"N,119°24'33.05"W,34.65555,-119.40918,34.65555,-117.44010,33.03652,-117.44010,33.03652,-119.40918,LC08_CU_003012_20200525_20210504_02,LC08_CU_003012_20200525_20210504_02
LE07_CU_003012_20200531_20210504_02,2020/05/31,CU,3,12,2021/05/04,99.8886,0.1114,0,93.8546,LANDSAT_7,ETM,2,WGS84,AEA,02,METERS,02,34°39'19.98"N,119°24'33.05"W,34°39'19.98"N,117°26'24.36"W,33°02'11.47"N,117°26'24.36"W,33°02'11.47"N,119°24'33.05"W,34.65555,-119.40918,34.65555,-117.44010,33.03652,-117.44010,33.03652,-119.40918,LE07_CU_003012_20200531_20210504_02,LE07_CU_003012_20200531_20210504_02
LC08_CU_003012_20200601_20210504_02,2020/06/01,CU,3,12,2021/05/04,62.6081,3.9984,0.0076,1.4809,LANDSAT_8,OLI_TIRS,2,WGS84,AEA,02,METERS,02,34°39'19.98"N,119°24'33.05"W,34°39'19.98"N,117°26'24.36"W,33°02'11.47"N,117°26'24.36"W,33°02'11.47"N,119°24'33.05"W,34.65555,-119.40918,34.65555,-117.44010,33.03652,-117.44010,33.03652,-119.40918,LC08_CU_003012_20200601_20210504_02,LC08_CU_003012_20200601_20210504_02
LE07_CU_003012_20200602_20210504_02,2020/06/02,CU,3,12,2021/05/04,93.0202,2.171,0.001,79.325,LANDSAT_7,ETM,2,WGS84,AEA,02,METERS,02,34°39'19.98"N,119°24'33.05"W,34°39'19.98"N,117°26'24.36"W,33°02'11.47"N,117°26'24.36"W,33°02'11.47"N,119°24'33.05"W,34.65555,-119.40918,34.65555,-117.44010,33.03652,-117.44010,33.03652,-119.40918,LE07_CU_003012_20200602_20210504_02,LE07_CU_003012_20200602_20210504_02
LC08_CU_003012_20200608_20210504_02,2020/06/08,CU,3,12,2021/05/04,5.277,3.2825,0,88.1463,LANDSAT_8,OLI_TIRS,2,WGS84,AEA,02,METERS,02,34°39'19.98"N,119°24'33.05"W,34°39'19.98"N,117°26'24.36"W,33°02'11.47"N,117°26'24.36"W,33°02'11.47"N,119°24'33.05"W,34.65555,-119.40918,34.65555,-117.44010,33.03652,-117.44010,33.03652,-119.40918,LC08_CU_003012_20200608_20210504_02,LC08_CU_003012_20200608_20210504_02
LE07_CU_003012_20200609_20210504_02,2020/06/09,CU,3,12,2021/05/04,0.1822,0.2496,0,20.2355,LANDSAT_7,ETM,2,WGS84,AEA,02,METERS,02,34°39'19.98"N,119°24'33.05"W,34°39'19.98"N,117°26'24.36"W,33°02'11.47"N,117°26'24.36"W,33°02'11.47"N,119°24'33.05"W,34.65555,-119.40918,34.65555,-117.44010,33.03652,-117.44010,33.03652,-119.40918,LE07_CU_003012_20200609_20210504_02,LE07_CU_003012_20200609_20210504_02
LC08_CU_003012_20200610_20210504_02,2020/06/10,CU,3,12,2021/05/04,0.0118,0.0097,0,77.4576,LANDSAT_8,OLI_TIRS,2,WGS84,AEA,02,METERS,02,34°39'19.98"N,119°24'33.05"W,34°39'19.98"N,117°26'24.36"W,33°02'11.47"N,117°26'24.36"W,33°02'11.47"N,119°24'33.05"W,34.65555,-119.40918,34.65555,-117.44010,33.03652,-117.44010,33.03652,-119.40918,LC08_CU_003012_20200610_20210504_02,LC08_CU_003012_20200610_20210504_02
LE07_CU_003012_20200616_20210504_02,2020/06/16,CU,3,12,2021/05/04,99.9105,0.0239,0,94.1838,LANDSAT_7,ETM,2,WGS84,AEA,02,METERS,02,34°39'19.98"N,119°24'33.05"W,34°39'19.98"N,117°26'24.36"W,33°02'11.47"N,117°26'24.36"W,33°02'11.47"N,119°24'33.05"W,34.65555,-119.40918,34.65555,-117.44010,33.03652,-117.44010,33.03652,-119.40918,LE07_CU_003012_20200616_20210504_02,LE07_CU_003012_20200616_20210504_02
LC08_CU_003012_20200617_20210504_02,2020/06/17,CU,3,12,2021/05/04,58.2593,5.4592,0,1.6502,LANDSAT_8,OLI_TIRS,2,WGS84,AEA,02,METERS,02,34°39'19.98"N,119°24'33.05"W,34°39'19.98"N,117°26'24.36"W,33°02'11.47"N,117°26'24.36"W,33°02'11.47"N,119°24'33.05"W,34.65555,-119.40918,34.65555,-117.44010,33.03652,-117.44010,33.03652,-119.40918,LC08_CU_003012_20200617_20210504_02,LC08_CU_003012_20200617_20210504_02
LE07_CU_003012_20200618_20210504_02,2020/06/18,CU,3,12,2021/05/04,82.8158,0.9933,0,78.8739,LANDSAT_7,ETM,2,WGS84,AEA,02,METERS,02,34°39'19.98"N,119°24'33.05"W,34°39'19.98"N,117°26'24.36"W,33°02'11.47"N,117°26'24.36"W,33°02'11.47"N,119°24'33.05"W,34.65555,-119.40918,34.65555,-117.44010,33.03652,-117.44010,33.03652,-119.40918,LE07_CU_003012_20200618_20210504_02,LE07_CU_003012_20200618_20210504_02
LC08_CU_003012_20200624_20210504_02,2020/06/24,CU,3,12,2021/05/04,76.8683,2.4246,0,88.3491,LANDSAT_8,OLI_TIRS,2,WGS84,AEA,02,METERS,02,34°39'19.98"N,119°24'33.05"W,34°39'19.98"N,117°26'24.36"W,33°02'11.47"N,117°26'24.36"W,33°02'11.47"N,119°24'33.05"W,34.65555,-119.40918,34.65555,-117.44010,33.03652,-117.44010,33.03652,-119.40918,LC08_CU_003012_20200624_20210504_02,LC08_CU_003012_20200624_20210504_02
LE07_CU_003012_20200625_20210504_02,2020/06/25,CU,3,12,2021/05/04,78.382,4.8248,0,20.406,LANDSAT_7,ETM,2,WGS84,AEA,02,METERS,02,34°39'19.98"N,119°24'33.05"W,34°39'19.98"N,117°26'24.36"W,33°02'11.47"N,117°26'24.36"W,33°02'11.47"N,119°24'33.05"W,34.65555,-119.40918,34.65555,-117.44010,33.03652,-117.44010,33.03652,-119.40918,LE07_CU_003012_20200625_20210504_02,LE07_CU_003012_20200625_20210504_02
LC08_CU_003012_20200626_20210504_02,2020/06/26,CU,3,12,2021/05/04,16.2933,1.1415,0,77.2623,LANDSAT_8,OLI_TIRS,2,WGS84,AEA,02,METERS,02,34°39'19.98"N,119°24'33.05"W,34°39'19.98"N,117°26'24.36"W,33°02'11.47"N,117°26'24.36"W,33°02'11.47"N,119°24'33.05"W,34.65555,-119.40918,34.65555,-117.44010,33.03652,-117.44010,33.03652,-119.40918,LC08_CU_003012_20200626_20210504_02,LC08_CU_003012_20200626_20210504_02
LE07_CU_003012_20200702_20210504_02,2020/07/02,CU,3,12,2021/05/04,2.9594,3.2145,0,94.4498,LANDSAT_7,ETM,1,WGS84,AEA,02,METERS,02,34°39'19.98"N,119°24'33.05"W,34°39'19.98"N,117°26'24.36"W,33°02'11.47"N,117°26'24.36"W,33°02'11.47"N,119°24'33.05"W,34.65555,-119.40918,34.65555,-117.44010,33.03652,-117.44010,33.03652,-119.40918,LE07_CU_003012_20200702_20210504_02,LE07_CU_003012_20200702_20210504_02
LC08_CU_003012_20200703_20210504_02,2020/07/03,CU,3,12,2021/05/04,2.6084,1.0821,0,1.6566,LANDSAT_8,OLI_TIRS,2,WGS84,AEA,02,METERS,02,34°39'19.98"N,119°24'33.05"W,34°39'19.98"N,117°26'24.36"W,33°02'11.47"N,117°26'24.36"W,33°02'11.47"N,119°24'33.05"W,34.65555,-119.40918,34.65555,-117.44010,33.03652,-117.44010,33.03652,-119.40918,LC08_CU_003012_20200703_20210504_02,LC08_CU_003012_20200703_20210504_02
LE07_CU_003012_20200704_20210504_02,2020/07/04,CU,3,12,2021/05/04,0.1477,0.2112,0,78.6413,LANDSAT_7,ETM,2,WGS84,AEA,02,METERS,02,34°39'19.98"N,119°24'33.05"W,34°39'19.98"N,117°26'24.36"W,33°02'11.47"N,117°26'24.36"W,33°02'11.47"N,119°24'33.05"W,34.65555,-119.40918,34.65555,-117.44010,33.03652,-117.44010,33.03652,-119.40918,LE07_CU_003012_20200704_20210504_02,LE07_CU_003012_20200704_20210504_02
LC08_CU_003012_20200710_20210504_02,2020/07/10,CU,3,12,2021/05/04,5.8242,6.9095,0,88.3218,LANDSAT_8,OLI_TIRS,2,WGS84,AEA,02,METERS,02,34°39'19.98"N,119°24'33.05"W,34°39'19.98"N,117°26'24.36"W,33°02'11.47"N,117°26'24.36"W,33°02'11.47"N,119°24'33.05"W,34.65555,-119.40918,34.65555,-117.44010,33.03652,-117.44010,33.03652,-119.40918,LC08_CU_003012_20200710_20210504_02,LC08_CU_003012_20200710_20210504_02
LE07_CU_003012_20200711_20210504_02,2020/07/11,CU,3,12,2021/05/04,4.0654,0.7353,0,20.5006,LANDSAT_7,ETM,2,WGS84,AEA,02,METERS,02,34°39'19.98"N,119°24'33.05"W,34°39'19.98"N,117°26'24.36"W,33°02'11.47"N,117°26'24.36"W,33°02'11.47"N,119°24'33.05"W,34.65555,-119.40918,34.65555,-117.44010,33.03652,-117.44010,33.03652,-119.40918,LE07_CU_003012_20200711_20210504_02,LE07_CU_003012_20200711_20210504_02
LC08_CU_003012_20200712_20210504_02,2020/07/12,CU,3,12,2021/05/04,0.0082,0.0072,0,77.3808,LANDSAT_8,OLI_TIRS,2,WGS84,AEA,02,METERS,02,34°39'19.98"N,119°24'33.05"W,34°39'19.98"N,117°26'24.36"W,33°02'11.47"N,117°26'24.36"W,33°02'11.47"N,119°24'33.05"W,34.65555,-119.40918,34.65555,-117.44010,33.03652,-117.44010,33.03652,-119.40918,LC08_CU_003012_20200712_20210504_02,LC08_CU_003012_20200712_20210504_02
LE07_CU_003012_20200718_20210504_02,2020/07/18,CU,3,12,2021/05/04,35.3804,9.3244,0,94.3907,LANDSAT_7,ETM,2,WGS84,AEA,02,METERS,02,34°39'19.98"N,119°24'33.05"W,34°39'19.98"N,117°26'24.36"W,33°02'11.47"N,117°26'24.36"W,33°02'11.47"N,119°24'33.05"W,34.65555,-119.40918,34.65555,-117.44010,33.03652,-117.44010,33.03652,-119.40918,LE07_CU_003012_20200718_20210504_02,LE07_CU_003012_20200718_20210504_02
LC08_CU_003012_20200719_20210504_02,2020/07/19,CU,3,12,2021/05/04,35.4572,4.4513,0,1.5973,LANDSAT_8,OLI_TIRS,2,WGS84,AEA,02,METERS,02,34°39'19.98"N,119°24'33.05"W,34°39'19.98"N,117°26'24.36"W,33°02'11.47"N,117°26'24.36"W,33°02'11.47"N,119°24'33.05"W,34.65555,-119.40918,34.65555,-117.44010,33.03652,-117.44010,33.03652,-119.40918,LC08_CU_003012_20200719_20210504_02,LC08_CU_003012_20200719_20210504_02
LE07_CU_003012_20200720_20210504_02,2020/07/20,CU,3,12,2021/05/04,30.8129,1.5442,0,78.5404,LANDSAT_7,ETM,2,WGS84,AEA,02,METERS,02,34°39'19.98"N,119°24'33.05"W,34°39'19.98"N,117°26'24.36"W,33°02'11.47"N,117°26'24.36"W,33°02'11.47"N,119°24'33.05"W,34.65555,-119.40918,34.65555,-117.44010,33.03652,-117.44010,33.03652,-119.40918,LE07_CU_003012_20200720_20210504_02,LE07_CU_003012_20200720_20210504_02
LC08_CU_003012_20200726_20210504_02,2020/07/26,CU,3,12,2021/05/04,62.8428,0.9642,0,87.9796,LANDSAT_8,OLI_TIRS,2,WGS84,AEA,02,METERS,02,34°39'19.98"N,119°24'33.05"W,34°39'19.98"N,117°26'24.36"W,33°02'11.47"N,117°26'24.36"W,33°02'11.47"N,119°24'33.05"W,34.65555,-119.40918,34.65555,-117.44010,33.03652,-117.44010,33.03652,-119.40918,LC08_CU_003012_20200726_20210504_02,LC08_CU_003012_20200726_20210504_02
LE07_CU_003012_20200727_20210504_02,2020/07/27,CU,3,12,2021/05/04,49.1502,2.1282,0,20.4683,LANDSAT_7,ETM,2,WGS84,AEA,02,METERS,02,34°39'19.98"N,119°24'33.05"W,34°39'19.98"N,117°26'24.36"W,33°02'11.47"N,117°26'24.36"W,33°02'11.47"N,119°24'33.05"W,34.65555,-119.40918,34.65555,-117.44010,33.03652,-117.44010,33.03652,-119.40918,LE07_CU_003012_20200727_20210504_02,LE07_CU_003012_20200727_20210504_02
LC08_CU_003012_20200728_20210504_02,2020/07/28,CU,3,12,2021/05/04,33.246,0.7991,0,77.9144,LANDSAT_8,OLI_TIRS,2,WGS84,AEA,02,METERS,02,34°39'19.98"N,119°24'33.05"W,34°39'19.98"N,117°26'24.36"W,33°02'11.47"N,117°26'24.36"W,33°02'11.47"N,119°24'33.05"W,34.65555,-119.40918,34.65555,-117.44010,33.03652,-117.44010,33.03652,-119.40918,LC08_CU_003012_20200728_20210504_02,LC08_CU_003012_20200728_20210504_02
LE07_CU_003012_20200803_20210504_02,2020/08/03,CU,3,12,2021/05/04,60.1676,0.6615,0,94.3527,LANDSAT_7,ETM,2,WGS84,AEA,02,METERS,02,34°39'19.98"N,119°24'33.05"W,34°39'19.98"N,117°26'24.36"W,33°02'11.47"N,117°26'24.36"W,33°02'11.47"N,119°24'33.05"W,34.65555,-119.40918,34.65555,-117.44010,33.03652,-117.44010,33.03652,-119.40918,LE07_CU_003012_20200803_20210504_02,LE07_CU_003012_20200803_20210504_02
LC08_CU_003012_20200804_20210504_02,2020/08/04,CU,3,12,2021/05/04,58.7264,3.934,0,1.4346,LANDSAT_8,OLI_TIRS,2,WGS84,AEA,02,METERS,02,34°39'19.98"N,119°24'33.05"W,34°39'19.98"N,117°26'24.36"W,33°02'11.47"N,117°26'24.36"W,33°02'11.47"N,119°24'33.05"W,34.65555,-119.40918,34.65555,-117.44010,33.03652,-117.44010,33.03652,-119.40918,LC08_CU_003012_20200804_20210504_02,LC08_CU_003012_20200804_20210504_02
LE07_CU_003012_20200805_20210504_02,2020/08/05,CU,3,12,2021/05/04,34.3261,2.8419,0,78.574,LANDSAT_7,ETM,2,WGS84,AEA,02,METERS,02,34°39'19.98"N,119°24'33.05"W,34°39'19.98"N,117°26'24.36"W,33°02'11.47"N,117°26'24.36"W,33°02'11.47"N,119°24'33.05"W,34.65555,-119.40918,34.65555,-117.44010,33.03652,-117.44010,33.03652,-119.40918,LE07_CU_003012_20200805_20210504_02,LE07_CU_003012_20200805_20210504_02
LC08_CU_003012_20200811_20210504_02,2020/08/11,CU,3,12,2021/05/04,55.6147,3.4804,0,87.4044,LANDSAT_8,OLI_TIRS,2,WGS84,AEA,02,METERS,02,34°39'19.98"N,119°24'33.05"W,34°39'19.98"N,117°26'24.36"W,33°02'11.47"N,117°26'24.36"W,33°02'11.47"N,119°24'33.05"W,34.65555,-119.40918,34.65555,-117.44010,33.03652,-117.44010,33.03652,-119.40918,LC08_CU_003012_20200811_20210504_02,LC08_CU_003012_20200811_20210504_02
LE07_CU_003012_20200812_20210504_02,2020/08/12,CU,3,12,2021/05/04,19.0785,6.893,0,20.4047,LANDSAT_7,ETM,2,WGS84,AEA,02,METERS,02,34°39'19.98"N,119°24'33.05"W,34°39'19.98"N,117°26'24.36"W,33°02'11.47"N,117°26'24.36"W,33°02'11.47"N,119°24'33.05"W,34.65555,-119.40918,34.65555,-117.44010,33.03652,-117.44010,33.03652,-119.40918,LE07_CU_003012_20200812_20210504_02,LE07_CU_003012_20200812_20210504_02
LC08_CU_003012_20200813_20210504_02,2020/08/13,CU,3,12,2021/05/04,77.6043,15.0769,0.0122,78.4661,LANDSAT_8,OLI_TIRS,2,WGS84,AEA,02,METERS,02,34°39'19.98"N,119°24'33.05"W,34°39'19.98"N,117°26'24.36"W,33°02'11.47"N,117°26'24.36"W,33°02'11.47"N,119°24'33.05"W,34.65555,-119.40918,34.65555,-117.44010,33.03652,-117.44010,33.03652,-119.40918,LC08_CU_003012_20200813_20210504_02,LC08_CU_003012_20200813_20210504_02
LE07_CU_003012_20200819_20210504_02,2020/08/19,CU,3,12,2021/05/04,0.1239,0.2003,0,94.2543,LANDSAT_7,ETM,2,WGS84,AEA,02,METERS,02,34°39'19.98"N,119°24'33.05"W,34°39'19.98"N,117°26'24.36"W,33°02'11.47"N,117°26'24.36"W,33°02'11.47"N,119°24'33.05"W,34.65555,-119.40918,34.65555,-117.44010,33.03652,-117.44010,33.03652,-119.40918,LE07_CU_003012_20200819_20210504_02,LE07_CU_003012_20200819_20210504_02
LC08_CU_003012_20200820_20210504_02,2020/08/20,CU,3,12,2021/05/04,12.4053,2.3495,0,1.4328,LANDSAT_8,OLI_TIRS,2,WGS84,AEA,02,METERS,02,34°39'19.98"N,119°24'33.05"W,34°39'19.98"N,117°26'24.36"W,33°02'11.47"N,117°26'24.36"W,33°02'11.47"N,119°24'33.05"W,34.65555,-119.40918,34.65555,-117.44010,33.03652,-117.44010,33.03652,-119.40918,LC08_CU_003012_20200820_20210504_02,LC08_CU_003012_20200820_20210504_02
LE07_CU_003012_20200821_20210504_02,2020/08/21,CU,3,12,2021/05/04,15.8842,1.928,0,78.7021,LANDSAT_7,ETM,2,WGS84,AEA,02,METERS,02,34°39'19.98"N,119°24'33.05"W,34°39'19.98"N,117°26'24.36"W,33°02'11.47"N,117°26'24.36"W,33°02'11.47"N,119°24'33.05"W,34.65555,-119.40918,34.65555,-117.44010,33.03652,-117.44010,33.03652,-119.40918,LE07_CU_003012_20200821_20210504_02,LE07_CU_003012_20200821_20210504_02
LC08_CU_003012_20200827_20210504_02,2020/08/27,CU,3,12,2021/05/04,0.0671,0.2309,0,87.9727,LANDSAT_8,OLI_TIRS,2,WGS84,AEA,02,METERS,02,34°39'19.98"N,119°24'33.05"W,34°39'19.98"N,117°26'24.36"W,33°02'11.47"N,117°26'24.36"W,33°02'11.47"N,119°24'33.05"W,34.65555,-119.40918,34.65555,-117.44010,33.03652,-117.44010,33.03652,-119.40918,LC08_CU_003012_20200827_20210504_02,LC08_CU_003012_20200827_20210504_02
LE07_CU_003012_20200828_20210504_02,2020/08/28,CU,3,12,2021/05/04,12.927,6.3539,0,20.2774,LANDSAT_7,ETM,2,WGS84,AEA,02,METERS,02,34°39'19.98"N,119°24'33.05"W,34°39'19.98"N,117°26'24.36"W,33°02'11.47"N,117°26'24.36"W,33°02'11.47"N,119°24'33.05"W,34.65555,-119.40918,34.65555,-117.44010,33.03652,-117.44010,33.03652,-119.40918,LE07_CU_003012_20200828_20210504_02,LE07_CU_003012_20200828_20210504_02
LC08_CU_003012_20200829_20210504_02,2020/08/29,CU,3,12,2021/05/04,6.0401,3.7115,0,77.7003,LANDSAT_8,OLI_TIRS,2,WGS84,AEA,02,METERS,02,34°39'19.98"N,119°24'33.05"W,34°39'19.98"N,117°26'24.36"W,33°02'11.47"N,117°26'24.36"W,33°02'11.47"N,119°24'33.05"W,34.65555,-119.40918,34.65555,-117.44010,33.03652,-117.44010,33.03652,-119.40918,LC08_CU_003012_20200829_20210504_02,LC08_CU_003012_20200829_20210504_02
LE07_CU_003012_20200904_20210504_02,2020/09/04,CU,3,12,2021/05/04,5.5059,1.5454,0,94.0994,LANDSAT_7,ETM,2,WGS84,AEA,02,METERS,02,34°39'19.98"N,119°24'33.05"W,34°39'19.98"N,117°26'24.36"W,33°02'11.47"N,117°26'24.36"W,33°02'11.47"N,119°24'33.05"W,34.65555,-119.40918,34.65555,-117.44010,33.03652,-117.44010,33.03652,-119.40918,LE07_CU_003012_20200904_20210504_02,LE07_CU_003012_20200904_20210504_02
LC08_CU_003012_20200905_20210504_02,2020/09/05,CU,3,12,2021/05/04,0.465,0.8153,0,1.6477,LANDSAT_8,OLI_TIRS,2,WGS84,AEA,02,METERS,02,34°39'19.98"N,119°24'33.05"W,34°39'19.98"N,117°26'24.36"W,33°02'11.47"N,117°26'24.36"W,33°02'11.47"N,119°24'33.05"W,34.65555,-119.40918,34.65555,-117.44010,33.03652,-117.44010,33.03652,-119.40918,LC08_CU_003012_20200905_20210504_02,LC08_CU_003012_20200905_20210504_02
LE07_CU_003012_20200906_20210504_02,2020/09/06,CU,3,12,2021/05/04,0.1763,0.2085,0,78.935,LANDSAT_7,ETM,2,WGS84,AEA,02,METERS,02,34°39'19.98"N,119°24'33.05"W,34°39'19.98"N,117°26'24.36"W,33°02'11.47"N,117°26'24.36"W,33°02'11.47"N,119°24'33.05"W,34.65555,-119.40918,34.65555,-117.44010,33.03652,-117.44010,33.03652,-119.40918,LE07_CU_003012_20200906_20210504_02,LE07_CU_003012_20200906_20210504_02
LC08_CU_003012_20200912_20210504_02,2020/09/12,CU,3,12,2021/05/04,42.0153,6.6897,0,88.4729,LANDSAT_8,OLI_TIRS,2,WGS84,AEA,02,METERS,02,34°39'19.98"N,119°24'33.05"W,34°39'19.98"N,117°26'24.36"W,33°02'11.47"N,117°26'24.36"W,33°02'11.47"N,119°24'33.05"W,34.65555,-119.40918,34.65555,-117.44010,33.03652,-117.44010,33.03652,-119.40918,LC08_CU_003012_20200912_20210504_02,LC08_CU_003012_20200912_20210504_02
LE07_CU_003012_20200913_20210504_02,2020/09/13,CU,3,12,2021/05/04,20.6493,5.4945,0,20.1912,LANDSAT_7,ETM,2,WGS84,AEA,02,METERS,02,34°39'19.98"N,119°24'33.05"W,34°39'19.98"N,117°26'24.36"W,33°02'11.47"N,117°26'24.36"W,33°02'11.47"N,119°24'33.05"W,34.65555,-119.40918,34.65555,-117.44010,33.03652,-117.44010,33.03652,-119.40918,LE07_CU_003012_20200913_20210504_02,LE07_CU_003012_20200913_20210504_02
LC08_CU_003012_20200914_20210504_02,2020/09/14,CU,3,12,2021/05/04,1.3461,1.6167,0,77.0188,LANDSAT_8,OLI_TIRS,2,WGS84,AEA,02,METERS,02,34°39'19.98"N,119°24'33.05"W,34°39'19.98"N,117°26'24.36"W,33°02'11.47"N,117°26'24.36"W,33°02'11.47"N,119°24'33.05"W,34.65555,-119.40918,34.65555,-117.44010,33.03652,-117.44010,33.03652,-119.40918,LC08_CU_003012_20200914_20210504_02,LC08_CU_003012_20200914_20210504_02
LE07_CU_003012_20200920_20210504_02,2020/09/20,CU,3,12,2021/05/04,22.2609,6.7159,0,93.982,LANDSAT_7,ETM,2,WGS84,AEA,02,METERS,02,34°39'19.98"N,119°24'33.05"W,34°39'19.98"N,117°26'24.36"W,33°02'11.47"N,117°26'24.36"W,33°02'11.47"N,119°24'33.05"W,34.65555,-119.40918,34.65555,-117.44010,33.03652,-117.44010,33.03652,-119.40918,LE07_CU_003012_20200920_20210504_02,LE07_CU_003012_20200920_20210504_02
LC08_CU_003012_20200921_20210504_02,2020/09/21,CU,3,12,2021/05/04,37.5765,3.0294,0,1.8054,LANDSAT_8,OLI_TIRS,2,WGS84,AEA,02,METERS,02,34°39'19.98"N,119°24'33.05"W,34°39'19.98"N,117°26'24.36"W,33°02'11.47"N,117°26'24.36"W,33°02'11.47"N,119°24'33.05"W,34.65555,-119.40918,34.65555,-117.44010,33.03652,-117.44010,33.03652,-119.40918,LC08_CU_003012_20200921_20210504_02,LC08_CU_003012_20200921_20210504_02
LE07_CU_003012_20200922_20210504_02,2020/09/22,CU,3,12,2021/05/04,0.2959,0.2045,0,79.2285,LANDSAT_7,ETM,2,WGS84,AEA,02,METERS,02,34°39'19.98"N,119°24'33.05"W,34°39'19.98"N,117°26'24.36"W,33°02'11.47"N,117°26'24.36"W,33°02'11.47"N,119°24'33.05"W,34.65555,-119.40918,34.65555,-117.44010,33.03652,-117.44010,33.03652,-119.40918,LE07_CU_003012_20200922_20210504_02,LE07_CU_003012_20200922_20210504_02
LC08_CU_003012_20200928_20210504_02,2020/09/28,CU,3,12,2021/05/04,57.1048,3.2851,0,88.7528,LANDSAT_8,OLI_TIRS,2,WGS84,AEA,02,METERS,02,34°39'19.98"N,119°24'33.05"W,34°39'19.98"N,117°26'24.36"W,33°02'11.47"N,117°26'24.36"W,33°02'11.47"N,119°24'33.05"W,34.65555,-119.40918,34.65555,-117.44010,33.03652,-117.44010,33.03652,-119.40918,LC08_CU_003012_20200928_20210504_02,LC08_CU_003012_20200928_20210504_02
LE07_CU_003012_20200929_20210504_02,2020/09/29,CU,3,12,2021/05/04,27.5662,7.0581,0,20.2628,LANDSAT_7,ETM,2,WGS84,AEA,02,METERS,02,34°39'19.98"N,119°24'33.05"W,34°39'19.98"N,117°26'24.36"W,33°02'11.47"N,117°26'24.36"W,33°02'11.47"N,119°24'33.05"W,34.65555,-119.40918,34.65555,-117.44010,33.03652,-117.44010,33.03652,-119.40918,LE07_CU_003012_20200929_20210504_02,LE07_CU_003012_20200929_20210504_02
LC08_CU_003012_20200930_20210504_02,2020/09/30,CU,3,12,2021/05/04,0.0206,0.0515,0,76.6608,LANDSAT_8,OLI_TIRS,2,WGS84,AEA,02,METERS,02,34°39'19.98"N,119°24'33.05"W,34°39'19.98"N,117°26'24.36"W,33°02'11.47"N,117°26'24.36"W,33°02'11.47"N,119°24'33.05"W,34.65555,-119.40918,34.65555,-117.44010,33.03652,-117.44010,33.03652,-119.40918,LC08_CU_003012_20200930_20210504_02,LC08_CU_003012_20200930_20210504_02
LE07_CU_003012_20201006_20210504_02,2020/10/06,CU,3,12,2021/05/04,27.5004,11.6946,0.0001,94.3164,LANDSAT_7,ETM,2,WGS84,AEA,02,METERS,02,34°39'19.98"N,119°24'33.05"W,34°39'19.98"N,117°26'24.36"W,33°02'11.47"N,117°26'24.36"W,33°02'11.47"N,119°24'33.05"W,34.65555,-119.40918,34.65555,-117.44010,33.03652,-117.44010,33.03652,-119.40918,LE07_CU_003012_20201006_20210504_02,LE07_CU_003012_20201006_20210504_02
LE07_CU_003012_20201008_20210504_02,2020/10/08,CU,3,12,2021/05/04,56.622,8.0538,0,78.5096,LANDSAT_7,ETM,2,WGS84,AEA,02,METERS,02,34°39'19.98"N,119°24'33.05"W,34°39'19.98"N,117°26'24.36"W,33°02'11.47"N,117°26'24.36"W,33°02'11.47"N,119°24'33.05"W,34.65555,-119.40918,34.65555,-117.44010,33.03652,-117.44010,33.03652,-119.40918,LE07_CU_003012_20201008_20210504_02,LE07_CU_003012_20201008_20210504_02
LC08_CU_003012_20201014_20210504_02,2020/10/14,CU,3,12,2021/05/04,0.0647,0.206,0,88.6739,LANDSAT_8,OLI_TIRS,2,WGS84,AEA,02,METERS,02,34°39'19.98"N,119°24'33.05"W,34°39'19.98"N,117°26'24.36"W,33°02'11.47"N,117°26'24.36"W,33°02'11.47"N,119°24'33.05"W,34.65555,-119.40918,34.65555,-117.44010,33.03652,-117.44010,33.03652,-119.40918,LC08_CU_003012_20201014_20210504_02,LC08_CU_003012_20201014_20210504_02
LE07_CU_003012_20201015_20210504_02,2020/10/15,CU,3,12,2021/05/04,18.4475,1.812,0,20.5575,LANDSAT_7,ETM,2,WGS84,AEA,02,METERS,02,34°39'19.98"N,119°24'33.05"W,34°39'19.98"N,117°26'24.36"W,33°02'11.47"N,117°26'24.36"W,33°02'11.47"N,119°24'33.05"W,34.65555,-119.40918,34.65555,-117.44010,33.03652,-117.44010,33.03652,-119.40918,LE07_CU_003012_20201015_20210504_02,LE07_CU_003012_20201015_20210504_02
LC08_CU_003012_20201016_20210504_02,2020/10/16,CU,3,12,2021/05/04,11.9738,2.8196,0,76.8576,LANDSAT_8,OLI_TIRS,2,WGS84,AEA,02,METERS,02,34°39'19.98"N,119°24'33.05"W,34°39'19.98"N,117°26'24.36"W,33°02'11.47"N,117°26'24.36"W,33°02'11.47"N,119°24'33.05"W,34.65555,-119.40918,34.65555,-117.44010,33.03652,-117.44010,33.03652,-119.40918,LC08_CU_003012_20201016_20210504_02,LC08_CU_003012_20201016_20210504_02
LE07_CU_003012_20201022_20210504_02,2020/10/22,CU,3,12,2021/05/04,98.2941,1.2912,0,94.7105,LANDSAT_7,ETM,1,WGS84,AEA,02,METERS,02,34°39'19.98"N,119°24'33.05"W,34°39'19.98"N,117°26'24.36"W,33°02'11.47"N,117°26'24.36"W,33°02'11.47"N,119°24'33.05"W,34.65555,-119.40918,34.65555,-117.44010,33.03652,-117.44010,33.03652,-119.40918,LE07_CU_003012_20201022_20210504_02,LE07_CU_003012_20201022_20210504_02
LC08_CU_003012_20201023_20210504_02,2020/10/23,CU,3,12,2021/05/04,87.9095,3.6869,0.0028,1.7484,LANDSAT_8,OLI_TIRS,2,WGS84,AEA,02,METERS,02,34°39'19.98"N,119°24'33.05"W,34°39'19.98"N,117°26'24.36"W,33°02'11.47"N,117°26'24.36"W,33°02'11.47"N,119°24'33.05"W,34.65555,-119.40918,34.65555,-117.44010,33.03652,-117.44010,33.03652,-119.40918,LC08_CU_003012_20201023_20210504_02,LC08_CU_003012_20201023_20210504_02
LE07_CU_003012_20201024_20210504_02,2020/10/24,CU,3,12,2021/05/04,86.9423,2.6553,0.0072,77.9338,LANDSAT_7,ETM,2,WGS84,AEA,02,METERS,02,34°39'19.98"N,119°24'33.05"W,34°39'19.98"N,117°26'24.36"W,33°02'11.47"N,117°26'24.36"W,33°02'11.47"N,119°24'33.05"W,34.65555,-119.40918,34.65555,-117.44010,33.03652,-117.44010,33.03652,-119.40918,LE07_CU_003012_20201024_20210504_02,LE07_CU_003012_20201024_20210504_02
LC08_CU_003012_20201030_20210504_02,2020/10/30,CU,3,12,2021/05/04,0.2908,0.766,0,88.2879,LANDSAT_8,OLI_TIRS,2,WGS84,AEA,02,METERS,02,34°39'19.98"N,119°24'33.05"W,34°39'19.98"N,117°26'24.36"W,33°02'11.47"N,117°26'24.36"W,33°02'11.47"N,119°24'33.05"W,34.65555,-119.40918,34.65555,-117.44010,33.03652,-117.44010,33.03652,-119.40918,LC08_CU_003012_20201030_20210504_02,LC08_CU_003012_20201030_20210504_02
LE07_CU_003012_20201031_20210504_02,2020/10/31,CU,3,12,2021/05/04,20.2245,2.639,0,20.8002,LANDSAT_7,ETM,2,WGS84,AEA,02,METERS,02,34°39'19.98"N,119°24'33.05"W,34°39'19.98"N,117°26'24.36"W,33°02'11.47"N,117°26'24.36"W,33°02'11.47"N,119°24'33.05"W,34.65555,-119.40918,34.65555,-117.44010,33.03652,-117.44010,33.03652,-119.40918,LE07_CU_003012_20201031_20210504_02,LE07_CU_003012_20201031_20210504_02
LE07_CU_003012_20201107_20210504_02,2020/11/07,CU,3,12,2021/05/04,18.1908,3.7501,0.3984,94.8208,LANDSAT_7,ETM,2,WGS84,AEA,02,METERS,02,34°39'19.98"N,119°24'33.05"W,34°39'19.98"N,117°26'24.36"W,33°02'11.47"N,117°26'24.36"W,33°02'11.47"N,119°24'33.05"W,34.65555,-119.40918,34.65555,-117.44010,33.03652,-117.44010,33.03652,-119.40918,LE07_CU_003012_20201107_20210504_02,LE07_CU_003012_20201107_20210504_02
LE07_CU_003012_20201109_20210504_02,2020/11/09,CU,3,12,2021/05/04,1.3802,1.7452,0.6091,77.6246,LANDSAT_7,ETM,2,WGS84,AEA,02,METERS,02,34°39'19.98"N,119°24'33.05"W,34°39'19.98"N,117°26'24.36"W,33°02'11.47"N,117°26'24.36"W,33°02'11.47"N,119°24'33.05"W,34.65555,-119.40918,34.65555,-117.44010,33.03652,-117.44010,33.03652,-119.40918,LE07_CU_003012_20201109_20210504_02,LE07_CU_003012_20201109_20210504_02
LC08_CU_003012_20201115_20210505_02,2020/11/15,CU,3,12,2021/05/05,0.0102,0,0,87.771,LANDSAT_8,OLI_TIRS,2,WGS84,AEA,02,METERS,02,34°39'19.98"N,119°24'33.05"W,34°39'19.98"N,117°26'24.36"W,33°02'11.47"N,117°26'24.36"W,33°02'11.47"N,119°24'33.05"W,34.65555,-119.40918,34.65555,-117.44010,33.03652,-117.44010,33.03652,-119.40918,LC08_CU_003012_20201115_20210505_02,LC08_CU_003012_20201115_20210505_02
LE07_CU_003012_20201116_20210504_02,2020/11/16,CU,3,12,2021/05/04,0.0616,0.0749,0.0011,20.9135,LANDSAT_7,ETM,2,WGS84,AEA,02,METERS,02,34°39'19.98"N,119°24'33.05"W,34°39'19.98"N,117°26'24.36"W,33°02'11.47"N,117°26'24.36"W,33°02'11.47"N,119°24'33.05"W,34.65555,-119.40918,34.65555,-117.44010,33.03652,-117.44010,33.03652,-119.40918,LE07_CU_003012_20201116_20210504_02,LE07_CU_003012_20201116_20210504_02
LC08_CU_003012_20201117_20210504_02,2020/11/17,CU,3,12,2021/05/04,21.227,6.3348,0.0012,77.8686,LANDSAT_8,OLI_TIRS,2,WGS84,AEA,02,METERS,02,34°39'19.98"N,119°24'33.05"W,34°39'19.98"N,117°26'24.36"W,33°02'11.47"N,117°26'24.36"W,33°02'11.47"N,119°24'33.05"W,34.65555,-119.40918,34.65555,-117.44010,33.03652,-117.44010,33.03652,-119.40918,LC08_CU_003012_20201117_20210504_02,LC08_CU_003012_20201117_20210504_02
LE07_CU_003012_20201123_20210504_02,2020/11/23,CU,3,12,2021/05/04,0.3488,0.2373,0,94.8332,LANDSAT_7,ETM,2,WGS84,AEA,02,METERS,02,34°39'19.98"N,119°24'33.05"W,34°39'19.98"N,117°26'24.36"W,33°02'11.47"N,117°26'24.36"W,33°02'11.47"N,119°24'33.05"W,34.65555,-119.40918,34.65555,-117.44010,33.03652,-117.44010,33.03652,-119.40918,LE07_CU_003012_20201123_20210504_02,LE07_CU_003012_20201123_20210504_02
LC08_CU_003012_20201124_20210504_02,2020/11/24,CU,3,12,2021/05/04,4.4587,4.0767,0,1.6607,LANDSAT_8,OLI_TIRS,2,WGS84,AEA,02,METERS,02,34°39'19.98"N,119°24'33.05"W,34°39'19.98"N,117°26'24.36"W,33°02'11.47"N,117°26'24.36"W,33°02'11.47"N,119°24'33.05"W,34.65555,-119.40918,34.65555,-117.44010,33.03652,-117.44010,33.03652,-119.40918,LC08_CU_003012_20201124_20210504_02,LC08_CU_003012_20201124_20210504_02
LE07_CU_003012_20201125_20210504_02,2020/11/25,CU,3,12,2021/05/04,27.5709,4.8613,0.0013,77.6222,LANDSAT_7,ETM,2,WGS84,AEA,02,METERS,02,34°39'19.98"N,119°24'33.05"W,34°39'19.98"N,117°26'24.36"W,33°02'11.47"N,117°26'24.36"W,33°02'11.47"N,119°24'33.05"W,34.65555,-119.40918,34.65555,-117.44010,33.03652,-117.44010,33.03652,-119.40918,LE07_CU_003012_20201125_20210504_02,LE07_CU_003012_20201125_20210504_02
LC08_CU_003012_20201201_20210504_02,2020/12/01,CU,3,12,2021/05/04,0.0081,0.009,0,88.7525,LANDSAT_8,OLI_TIRS,2,WGS84,AEA,02,METERS,02,34°39'19.98"N,119°24'33.05"W,34°39'19.98"N,117°26'24.36"W,33°02'11.47"N,117°26'24.36"W,33°02'11.47"N,119°24'33.05"W,34.65555,-119.40918,34.65555,-117.44010,33.03652,-117.44010,33.03652,-119.40918,LC08_CU_003012_20201201_20210504_02,LC08_CU_003012_20201201_20210504_02
LE07_CU_003012_20201202_20210504_02,2020/12/02,CU,3,12,2021/05/04,0.717,0.5493,0.0002,20.7699,LANDSAT_7,ETM,2,WGS84,AEA,02,METERS,02,34°39'19.98"N,119°24'33.05"W,34°39'19.98"N,117°26'24.36"W,33°02'11.47"N,117°26'24.36"W,33°02'11.47"N,119°24'33.05"W,34.65555,-119.40918,34.65555,-117.44010,33.03652,-117.44010,33.03652,-119.40918,LE07_CU_003012_20201202_20210504_02,LE07_CU_003012_20201202_20210504_02
LC08_CU_003012_20201203_20210504_02,2020/12/03,CU,3,12,2021/05/04,0.0071,0.0144,0,76.5774,LANDSAT_8,OLI_TIRS,2,WGS84,AEA,02,METERS,02,34°39'19.98"N,119°24'33.05"W,34°39'19.98"N,117°26'24.36"W,33°02'11.47"N,117°26'24.36"W,33°02'11.47"N,119°24'33.05"W,34.65555,-119.40918,34.65555,-117.44010,33.03652,-117.44010,33.03652,-119.40918,LC08_CU_003012_20201203_20210504_02,LC08_CU_003012_20201203_20210504_02
LE07_CU_003012_20201209_20210504_02,2020/12/09,CU,3,12,2021/05/04,1.8436,2.255,0.02,94.5913,LANDSAT_7,ETM,2,WGS84,AEA,02,METERS,02,34°39'19.98"N,119°24'33.05"W,34°39'19.98"N,117°26'24.36"W,33°02'11.47"N,117°26'24.36"W,33°02'11.47"N,119°24'33.05"W,34.65555,-119.40918,34.65555,-117.44010,33.03652,-117.44010,33.03652,-119.40918,LE07_CU_003012_20201209_20210504_02,LE07_CU_003012_20201209_20210504_02
LC08_CU_003012_20201210_20210504_02,2020/12/10,CU,3,12,2021/05/04,42.6856,18.7432,0.0196,1.887,LANDSAT_8,OLI_TIRS,2,WGS84,AEA,02,METERS,02,34°39'19.98"N,119°24'33.05"W,34°39'19.98"N,117°26'24.36"W,33°02'11.47"N,117°26'24.36"W,33°02'11.47"N,119°24'33.05"W,34.65555,-119.40918,34.65555,-117.44010,33.03652,-117.44010,33.03652,-119.40918,LC08_CU_003012_20201210_20210504_02,LC08_CU_003012_20201210_20210504_02
LE07_CU_003012_20201211_20210504_02,2020/12/11,CU,3,12,2021/05/04,44.0543,7.314,0.0275,78.0736,LANDSAT_7,ETM,2,WGS84,AEA,02,METERS,02,34°39'19.98"N,119°24'33.05"W,34°39'19.98"N,117°26'24.36"W,33°02'11.47"N,117°26'24.36"W,33°02'11.47"N,119°24'33.05"W,34.65555,-119.40918,34.65555,-117.44010,33.03652,-117.44010,33.03652,-119.40918,LE07_CU_003012_20201211_20210504_02,LE07_CU_003012_20201211_20210504_02
LC08_CU_003012_20201217_20210504_02,2020/12/17,CU,3,12,2021/05/04,8.2904,5.2436,0.0286,88.928,LANDSAT_8,OLI_TIRS,2,WGS84,AEA,02,METERS,02,34°39'19.98"N,119°24'33.05"W,34°39'19.98"N,117°26'24.36"W,33°02'11.47"N,117°26'24.36"W,33°02'11.47"N,119°24'33.05"W,34.65555,-119.40918,34.65555,-117.44010,33.03652,-117.44010,33.03652,-119.40918,LC08_CU_003012_20201217_20210504_02,LC08_CU_003012_20201217_20210504_02
LE07_CU_003012_20201218_20210504_02,2020/12/18,CU,3,12,2021/05/04,0.1417,0.1711,0.001,20.4774,LANDSAT_7,ETM,2,WGS84,AEA,02,METERS,02,34°39'19.98"N,119°24'33.05"W,34°39'19.98"N,117°26'24.36"W,33°02'11.47"N,117°26'24.36"W,33°02'11.47"N,119°24'33.05"W,34.65555,-119.40918,34.65555,-117.44010,33.03652,-117.44010,33.03652,-119.40918,LE07_CU_003012_20201218_20210504_02,LE07_CU_003012_20201218_20210504_02
LC08_CU_003012_20201219_20210504_02,2020/12/19,CU,3,12,2021/05/04,0.0069,0.0132,0,76.4174,LANDSAT_8,OLI_TIRS,2,WGS84,AEA,02,METERS,02,34°39'19.98"N,119°24'33.05"W,34°39'19.98"N,117°26'24.36"W,33°02'11.47"N,117°26'24.36"W,33°02'11.47"N,119°24'33.05"W,34.65555,-119.40918,34.65555,-117.44010,33.03652,-117.44010,33.03652,-119.40918,LC08_CU_003012_20201219_20210504_02,LC08_CU_003012_20201219_20210504_02
LE07_CU_003012_20201225_20210504_02,2020/12/25,CU,3,12,2021/05/04,0.0014,0,0.0002,94.3519,LANDSAT_7,ETM,2,WGS84,AEA,02,METERS,02,34°39'19.98"N,119°24'33.05"W,34°39'19.98"N,117°26'24.36"W,33°02'11.47"N,117°26'24.36"W,33°02'11.47"N,119°24'33.05"W,34.65555,-119.40918,34.65555,-117.44010,33.03652,-117.44010,33.03652,-119.40918,LE07_CU_003012_20201225_20210504_02,LE07_CU_003012_20201225_20210504_02
LC08_CU_003012_20201226_20210504_02,2020/12/26,CU,3,12,2021/05/04,14.0967,9.5216,0.0428,1.8153,LANDSAT_8,OLI_TIRS,2,WGS84,AEA,02,METERS,02,34°39'19.98"N,119°24'33.05"W,34°39'19.98"N,117°26'24.36"W,33°02'11.47"N,117°26'24.36"W,33°02'11.47"N,119°24'33.05"W,34.65555,-119.40918,34.65555,-117.44010,33.03652,-117.44010,33.03652,-119.40918,LC08_CU_003012_20201226_20210504_02,LC08_CU_003012_20201226_20210504_02
LE07_CU_003012_20201227_20210504_02,2020/12/27,CU,3,12,2021/05/04,95.8511,4.1163,0.0116,78.301,LANDSAT_7,ETM,2,WGS84,AEA,02,METERS,02,34°39'19.98"N,119°24'33.05"W,34°39'19.98"N,117°26'24.36"W,33°02'11.47"N,117°26'24.36"W,33°02'11.47"N,119°24'33.05"W,34.65555,-119.40918,34.65555,-117.44010,33.03652,-117.44010,33.03652,-119.40918,LE07_CU_003012_20201227_20210504_02,LE07_CU_003012_20201227_20210504_02
